{"topic":0,"termIndices":[10,123,50,105,101,158,136,163,107,237,396,132,23,374,228,200,360,975,290,51,102,243,754,82,176,683,75,345,188,113,92,4,693,295,60,540,159,98,414,72,112,64,309,411,301,375,337,29,470,359,466,203,28,146,657,139,589,216,2,306,479,182,22,205,365,235,387,567,937,173,608,201,79,514,389,147,791,724,38,602,418,299,733,484,90,42,881,271,912,196,572,407,262,583,84,630,252,278,88,378],"termWeights":[0.0017079712398882217,0.0016110223822069435,0.0014760565379171335,0.0014479597967198457,0.0014111499300041184,0.0013227561669215693,0.0012916458326720445,0.0012572184799595181,0.0012454523692842527,0.0012452746471631876,0.0011991337557411901,0.0011781014707060889,0.0011714400936646662,0.001146713218494665,0.0011421388374596778,0.001141363570910474,0.0011380782569605785,0.001133600285039714,0.0011293209133298489,0.0011274991076402074,0.0011262367245904541,0.001123681216777008,0.0011107070342096111,0.001109812735858117,0.001109620975651044,0.001109428457749576,0.0011049745515898208,0.0010801694587998464,0.0010778321985968277,0.0010757962114069997,0.0010688609624502313,0.001062265538811232,0.0010605604942682922,0.0010565040284157214,0.0010529031876649747,0.001048240110056741,0.001043119133197852,0.0010420124897925914,0.0010343256531913062,0.00102857281332022,0.0010240294794160336,0.0010174365537501033,0.0010151787464399385,0.0010099261221125136,0.0010055915978584744,0.0010012419883697055,9.987473115306094E-4,9.94907300128355E-4,9.886340239080203E-4,9.858030555767814E-4,9.816569581788852E-4,9.815892587825134E-4,9.79653976639952E-4,9.750755240037622E-4,9.674588741622164E-4,9.498845706622579E-4,9.494810512768314E-4,9.490842582799963E-4,9.4395624209651E-4,9.411725029880702E-4,9.399491885320285E-4,9.334466815572903E-4,9.315998456639501E-4,9.313106940416602E-4,9.300126138799456E-4,9.294827770448079E-4,9.10136359957452E-4,9.075954171654545E-4,9.07445638245088E-4,9.058871283861609E-4,8.972984137311803E-4,8.963125208297546E-4,8.961256052985439E-4,8.958615676273866E-4,8.870085654990799E-4,8.863650674198551E-4,8.836117335006865E-4,8.800531246364316E-4,8.733022961704616E-4,8.697690074934928E-4,8.67075605825582E-4,8.61749910020905E-4,8.597697114239004E-4,8.564881696183474E-4,8.553074882175191E-4,8.514789880505073E-4,8.498421306141148E-4,8.471262604325601E-4,8.449212959121365E-4,8.373023050667007E-4,8.325528433118413E-4,8.323326369042563E-4,8.279251382226902E-4,8.271098349883536E-4,8.237791565218739E-4,8.221712018375401E-4,8.21015291354398E-4,8.18933109058797E-4,8.136122316460859E-4,8.13004017312002E-4]}
{"topic":1,"termIndices":[124,125,58,97,296,282,391,164,246,643,362,522,840,350,665,664,330,762,628,528,902,187,523,263,893,459,1087,852,148,402,831,569,423,1305,24,370,94,316,958,1030,1241,748,1322,1028,1393,520,280,921,654,452,61,1230,1202,606,1515,1582,381,1090,2,818,1008,1031,1100,463,1465,1868,532,723,233,743,1556,342,1739,623,189,1148,1448,1084,1398,1795,755,984,1064,129,1053,2001,249,1577,202,106,1452,1992,60,32,403,2196,1656,1508,1219,1940],"termWeights":[0.004027039331390053,0.003835292509990604,0.0037886422164939764,0.0036245454525085756,0.0035365159190661618,0.0031066611949347625,0.0030381373764294018,0.0028683886268536275,0.0028590167078910403,0.0027556476466225094,0.002689284333079696,0.0026765493178129477,0.0025892017068549454,0.002578896690011725,0.0025680681958694944,0.0025461408285217865,0.0023424594784086736,0.0023265451286257005,0.002311259044397387,0.0022670832058445116,0.0022586604340989655,0.0022225571763675473,0.002221377014533404,0.0021727862168598026,0.002170239159910259,0.0021526471010517934,0.002151017781654666,0.0021281745094331905,0.002095306925135009,0.0020941435330738716,0.0020863471305453346,0.002065865785911574,0.0019775754731058363,0.0019435248582190066,0.001931731698219913,0.0018796711292200928,0.0018651260780149638,0.0018620611490195553,0.0018188688810964054,0.0018136803319044484,0.001803321921668685,0.0017420621685163503,0.0017007437180476827,0.001664867081811207,0.0016307047186048301,0.0016238133999960213,0.0015855803426345282,0.0015841400772766848,0.0015834442833312467,0.0015706010316476069,0.0015663598813251732,0.0015564551462122315,0.0015397684714591735,0.0015017040826731966,0.0014995002941410966,0.0014982787097140035,0.0014949333766265229,0.0014901285495493592,0.001470581308505165,0.0014672474662551032,0.0014515156325842578,0.0014428894152695702,0.0014418240978095027,0.0014139612709989635,0.0014103869729971041,0.0014034042170487458,0.0013865854754163184,0.0013710069673032869,0.0013700089602429657,0.0013634095202039445,0.0013564479155115346,0.0013498925174981254,0.0013178274232584256,0.0013086675045798002,0.0013025587457716925,0.0012848972249921682,0.0012761232641405125,0.0012530818810177534,0.001252188279548574,0.0012518785977622643,0.0012499648649716632,0.0012426079521774952,0.001240971629644833,0.0012400800604109145,0.0012379231845238215,0.0012357293365785112,0.0012317144178530552,0.001231039615648666,0.0012283367813662898,0.0012120989659456824,0.0011877940861564642,0.0011644141785833696,0.0011635754586811601,0.0011583610945577261,0.0011538365560069255,0.0011488758225151308,0.0011482484542942786,0.0011398612815787595,0.0011391940915042565,0.001135359625111744]}
{"topic":2,"termIndices":[14,56,140,55,71,291,227,34,31,297,277,115,183,568,21,165,83,315,206,292,0,192,420,392,91,281,576,384,230,343,193,5,54,424,73,294,212,86,361,33,40,35,45,87,616,319,37,525,451,143,388,356,26,256,841,152,631,172,208,211,117,13,332,688,284,217,144,66,376,49,600,247,166,377,814,128,93,65,135,68,331,891,951,349,401,419,542,171,121,490,119,327,492,618,709,195,400,513,333,1085],"termWeights":[0.002204272503700521,0.0018373249224937918,0.0016619846944986485,0.00164556437995175,0.0016184647816100482,0.0014960823456132474,0.0014648092163111704,0.0014581871029385493,0.0014478015617154353,0.0014284784786025406,0.0014206097212594237,0.0014091997332092655,0.0013858773838936504,0.0013830266380790632,0.0013689392672099634,0.0013481355688658694,0.0013427618177195967,0.0013366687879842229,0.001326138138981394,0.0013070597799424422,0.0013045788948098712,0.0012956412940764253,0.0012955942068517145,0.0012943701536252703,0.0012799827905707207,0.0012736958236086906,0.001262270980114163,0.0012580321372385773,0.0012358018270193505,0.0012266529611301986,0.0012091423531878785,0.0012085374655086728,0.0012074138666475936,0.001188988688109111,0.0011725749509642355,0.001170592854998727,0.00115783042967634,0.0011544140276161024,0.0011498737880457762,0.001147642859556735,0.0011453660854136023,0.0011362807738746138,0.0011317027710532172,0.001127280473442738,0.0011167597771233218,0.0011152448876082769,0.001109728142868876,0.0011082565185039721,0.001107545010963528,0.0011065077560131493,0.0010995620820225508,0.0010969990338798056,0.0010904354945597628,0.001087890795928743,0.001087783184863658,0.001086824430319008,0.0010796319317685572,0.0010766454541705406,0.0010748325511944058,0.0010644291974383129,0.0010609838028580857,0.0010575503817232645,0.0010565567300959275,0.0010536367499118814,0.0010515679507669734,0.0010511298650414463,0.0010502042430301263,0.0010498558503137748,0.0010478128618181023,0.0010356411893755824,0.001035262105429012,0.0010279906019450068,0.0010276563902105915,0.0010064871372747815,9.955460820177911E-4,9.955376331972701E-4,9.950012860002618E-4,9.817781663864964E-4,9.760221704470921E-4,9.739637411921789E-4,9.73955433744674E-4,9.711664074773226E-4,9.698842542047336E-4,9.680007924587757E-4,9.676969088621666E-4,9.585866216279775E-4,9.464948620758183E-4,9.462625692583027E-4,9.422276098842842E-4,9.39619649400339E-4,9.330232258290657E-4,9.323829492588881E-4,9.171159424075256E-4,9.148494707757693E-4,9.126840493350539E-4,9.041909166604384E-4,9.034512107832443E-4,8.997868995765291E-4,8.978717901801478E-4,8.968189637681718E-4]}
{"topic":3,