{"topic":0,"termIndices":[10,101,82,163,200,418,683,693,754,237,113,725,374,881,360,228,937,33,92,232,153,638,514,408,458,152,886,954,466,132,251,301,262,51,411,980,409,1057,479,572,953,1007,1276,915,50,1029,538,359,1336,248,1522,674,304,1460,1354,580,1281,1429,64,609,270,444,295,585,1497,2278,912,509,1407,642,393,146,976,1150,865,1342,54,34,1117,375,1311,42,2309,1454,857,179,745,1855,1849,338,1803,340,533,452,759,675,423,2835,2875,205],"termWeights":[0.004466317896720818,0.0039078834312440275,0.003295635176951119,0.003272271636182581,0.0032079865953347194,0.0028989799106065757,0.002734049564458547,0.0026408893075127535,0.00250753365326338,0.0024833766173661355,0.0023547368797078275,0.002350761516508799,0.002298844257029461,0.002219531528203234,0.002197019138068116,0.0021829579119156724,0.002161836752171041,0.0021569333062861035,0.0021528426065964626,0.0021406578457129617,0.0021400149500655783,0.0020858917081604074,0.002064974301787338,0.002039989153306058,0.002019822535663555,0.0020045786907114727,0.001987929479479018,0.001898329020766615,0.0018806903078954912,0.001829629680319127,0.0018209245126346823,0.0018108721176879707,0.0017844065803001047,0.0017840214183670027,0.0017426962793677303,0.0017387460663369602,0.0016975888636287372,0.0016872474307148954,0.0016809895987059773,0.0016770127889706304,0.0016735737370131083,0.0016703982711644906,0.0016606219884013956,0.0016552905354393454,0.0016176205119873752,0.001614805771891617,0.001611126864218943,0.001568836720117323,0.0015668348279638798,0.0015656386888996273,0.0015516987945832562,0.001550546540463716,0.0015454421201537497,0.001525425577991874,0.001522251715895663,0.001438987578137687,0.0014035137640427795,0.001394806062426382,0.0013750526670526584,0.001324055804304345,0.0013029489771885523,0.0012962248887933535,0.0012631991765733237,0.0012547584811877176,0.0012509514652569397,0.0012461623133044174,0.0012376394897964454,0.0012367357250602476,0.001208432911445965,0.0012081726273435475,0.001207992607202106,0.0012073574025534717,0.0012006949004634095,0.001196713008162683,0.0011922087679923378,0.001191664473792206,0.0011915804677728864,0.001191454012852877,0.0011885605039205394,0.0011844207976406168,0.0011697712309400835,0.0011632770304682248,0.0011552369736699778,0.001146409442215849,0.0011453438754994783,0.001139909156665449,0.0011344000789527166,0.001131534434498987,0.0011302530044638823,0.0011301378914529688,0.0011297258732383205,0.0011275189462396534,0.0011272565950175314,0.0011263892315332433,0.0011260938256472655,0.0011198574828749836,0.0011146944938676773,0.0011111773195853416,0.001110924078380083,0.0010973384729505021]}
{"topic":1,"termIndices":[58,97,136,522,246,459,1241,654,1127,723,370,132,1202,282,423,233,295,985,1795,1992,285,357,349,1708,216,1292,1142,243,90,1435,1577,1817,530,623,1903,403,44,1177,1441,755,1940,866,2873,345,783,2399,2300,122,2671,1277,2295,1083,446,259,484,1508,2052,2081,1916,1902,778,1015,466,323,1005,2824,2146,1323,2699,153,583,269,158,3033,2821,2512,2261,337,22,1532,2527,248,928,733,447,386,726,283,1040,1841,837,30,347,378,1413,393,1840,2539,1873,675],"termWeights":[0.008246867399423437,0.007929768082199785,0.006321473478419563,0.00586051382746564,0.005656601827387501,0.005345149772653122,0.004299507939439514,0.004078033725666953,0.003716170228323504,0.0036192167201137227,0.003565728285106038,0.0034575483848770868,0.0033125655061977764,0.0031949315392586983,0.003110688406199858,0.002902147218827329,0.002768553208265336,0.0027545661114420634,0.0027368485643899047,0.002716235556205596,0.0026992479351015558,0.0026870305453832286,0.0026029926545959553,0.0025889321094937807,0.002551009399261762,0.0025372440420914624,0.002532290725262004,0.0024928745737674623,0.0023998309098251075,0.0023891263160782826,0.0023516349260430487,0.0023427748775493944,0.0023327887919531755,0.0023280117298703214,0.002314603873338761,0.0023134055945287515,0.002242984335977506,0.002216110262044208,0.0021852796317718064,0.002171134481833012,0.0021682098160032315,0.0021390460180086886,0.002097960896419989,0.0020834052349645426,0.0020558995636464046,0.002009929299551204,0.001938444338141971,0.0018624234412877964,0.0018584038353557254,0.0017985125469345727,0.001754047949038119,0.001718827030910306,0.001701969458097026,0.0016996221928209912,0.001685706173908993,0.0016847626094169087,0.0016462978502248442,0.0016286370791868782,0.001624567602807703,0.0016106597741977421,0.0016091309353386512,0.0016060423021683947,0.0015734806039015376,0.0015563122725473788,0.0015526719550036318,0.0015513660432466478,0.0015479142767792745,0.0015473321404444727,0.0015451565178227873,0.0015424150226399727,0.0015326834870410847,0.001521387623796308,0.001502915156333601,0.0015021540610470022,0.0014996069076717408,0.001492386675092347,0.0014857169033801734,0.0014788819442683523,0.001444736119568477,0.0014384574909781262,0.0014297361396976235,0.0014202389155361637,0.0014172170828346028,0.0014101197108936825,0.0014073398062291243,0.0014051294941036928,0.0014014764992788798,0.0013998555833669355,0.0013958940478074455,0.0013940142863595243,0.001377288023010541,0.001364202046910937,0.0013562420412064381,0.0013501630198428038,0.0013193574732535199,0.0013183581644358093,0.0013047552581767392,0.0013010597055339924,0.0012901267589235962,0.0012834706556404648]}
{"topic":2,"termIndices":[14,140,206,176,292,247,128,87,98,21,284,616,631,40,117,841,88,73,306,699,513,133,388,271,204,39,396,951,143,420,419,891,323,290,86,197,414,666,27,48,102,38,167,126,127,361,782,31,869,1206,72,223,553,309,256,700,584,478,211,4,363,456,166,308,780,172,28,50,714,724,557,52,177,670,451,669,870,18,75,219,421,5,798,154,788,181,974,400,1195,500,12,401,343,365,42,533,510,81,147,868],"termWeights":[0.003147612303373777,0.00230974632163031,0.0021441073119739594,0.002015895730241413,0.0018940619512325808,0.0018390595801620283,0.0018386222714408854,0.001820351193647784,0.0018068643722703372,0.0017667704776940351,0.0016945597574174348,0.0015782794122108442,0.0015777304869296275,0.0015706023418559482,0.0015576484774855253,0.0015370205103990922,0.0015015695147279227,0.0014491519669881084,0.0014452025052271058,0.0014451834434872713,0.0014427386178170914,0.0014354560096992276,0.0014031766036882738,0.0013985964295154445,0.0013980303891107679,0.0013965377518920172,0.0013849943981110102,0.0013847513248867113,0.0013705553988765454,0.0013626445959630607,0.0013603629421697371,0.001358695790269093,0.0013560585498133314,0.001342649318871242,0.0012518522417179923,0.0012454188484097473,0.0012367439864348995,0.0012085925143926716,0.0011934322447996028,0.0011914116653244295,0.0011907046611415392,0.001183235768544563,0.0011780944909022574,0.0011726222210386382,0.0011720245747305113,0.0011695505470891805,0.0011643592213217548,0.0011556783070512605,0.0011553111926908002,0.0011524517497740515,0.001151256913842848,0.0011503544203253866,0.001142474650002729,0.0011394075436653188,0.0011267486884239206,0.0011229877138707039,0.0011127707696425265,0.001109692330259489,0.001103967246848431,0.0011019540774529408,0.0010960879600831323,0.001093723826595186,0.001087788337877833,0.0010865802762261441,0.0010780480354466633,0.0010612087494232944,0.001058120654302892,0.0010549097874588077,0.0010510455178867335,0.0010483480535069772,0.0010448397008284377,0.0010443724305560656,0.0010419927935499801,0.001027791809150007,0.0010227103457011199,0.0010209820875432063,0.001015340548292868,0.0010116559984631075,9.980488016835198E-4,9.930227615655898E-4,9.857633789187804E-4,9.821104979544192E-4,9.8048171190153E-4,9.708569152143554E-4,9.690891394062792E-4,9.656117330899987E-4,9.647068113878199E-4,9.591643859452E-4,9.567494962163005E-4,9.50443859875894E-4,9.468956301010729E-4,9.310580415535343E-4,9.297232833456948E-4,9.237629126501172E-4,9.220392200831063E-4,9.124540265748994E-4,9.082131864154661E-4,9.067547594405279E-4,9.065693597388457E-4,9.053639683239457E-4]}
{"topic":3,