{"topic":0,"termIndices":[10,101,163,418,152,683,359,693,540,754,470,725,200,237,937,881,514,791,599,304,954,251,82,886,360,416,953,408,1057,107,123,270,638,188,1276,444,226,51,50,1522,262,141,1460,1354,1281,479,988,1336,1007,411,709,146,602,980,81,1396,1828,1429,389,1492,340,781,674,179,301,232,976,2278,413,1507,92,113,987,912,130,1407,1117,1849,642,533,1803,2309,1700,1150,1855,2835,2875,1174,1304,1049,1754,1342,1454,64,42,865,1970,2128,585,1295],"termWeights":[0.0046968416008665815,0.0034503025209402694,0.003292780274859682,0.0031210084767007216,0.0029544786996869824,0.002839430777832895,0.0028092363183993326,0.0027284970553121774,0.0027053409059393527,0.0025226370304946345,0.0025193809878976486,0.002454552951354814,0.00235515413400591,0.002339856002645357,0.0022736057348116483,0.002264802846626816,0.0021874113493175447,0.002181729303094367,0.002132881582940863,0.0020415552479462894,0.002015818694021314,0.0019852058156444147,0.0019805642789412514,0.0019648504042690286,0.00192257334178855,0.0019035136900902765,0.0019029487513475937,0.0017489818385533376,0.0017264696970907616,0.0017165799378023963,0.0016972379842666737,0.0016936556889190013,0.0016637061962507952,0.001654678560381032,0.0016528662197700563,0.0016519257904890705,0.0016502314748369517,0.0016424506865647965,0.0016008898935622523,0.00158883062695076,0.001583979567140384,0.0015641359351166856,0.0015551715646150367,0.0015447008334706273,0.0015416487909233475,0.0015382097123331816,0.0015217643002591156,0.0015155166884286454,0.0014982645604143096,0.0014865145624247088,0.0014634010717525527,0.0014618243982755103,0.0014593755120973402,0.0014454969614381607,0.0014408183080665674,0.0014379498897786611,0.0014366675663652925,0.0014289604933503557,0.0014124514763708192,0.0014065768499560052,0.0013700268092881318,0.0013647850069753006,0.0013531029369079366,0.001330967474238442,0.0013273042989561928,0.0013142326468656602,0.00127667780276861,0.0012715318381210348,0.001262866824585294,0.001237386824535208,0.0012321631312116248,0.0012154905165330345,0.0012044389246668376,0.0012035850313449892,0.0011881879282837713,0.0011858178308898023,0.0011710909310715426,0.0011696155388497584,0.0011693658122327055,0.0011687631237887735,0.0011677531844172186,0.0011656971154552992,0.0011629226680439275,0.0011629003468473231,0.0011512189639062919,0.0011490597377369638,0.001148680913087018,0.0011377270096505213,0.0011253148853666837,0.0011158226985334787,0.0011125539952599808,0.0011082575710396351,0.0011072604060790216,0.0010915112606957086,0.0010891141777326942,0.0010720947514139885,0.0010710326918974271,0.0010696033362663445,0.001052523254698504,0.0010499060034154268]}
{"topic":1,"termIndices":[97,58,459,132,136,522,153,553,654,423,755,466,248,374,1241,818,33,370,675,857,458,200,44,1127,285,228,1076,295,409,232,90,1508,403,357,122,82,1177,453,609,1795,216,246,1292,985,621,1142,723,1577,1992,623,1903,1817,530,915,337,2219,375,783,30,393,745,274,22,866,347,2873,1940,158,2419,243,2399,301,89,896,2300,583,972,1441,2146,778,1954,776,182,345,239,2694,54,707,1435,128,2081,2671,1092,1687,378,266,1839,733,189,497],"termWeights":[0.005909709459618382,0.005853427624830636,0.004775486406641442,0.0046573858318447675,0.00423953861021857,0.0040425245781608886,0.00401578073836804,0.0034498049923922637,0.003326315509643763,0.0032266478862508336,0.0032224331325012806,0.0031811354868917256,0.003114418991758296,0.003062420739932196,0.0029437940220563793,0.002782830092402616,0.0027731304188817535,0.002659597811830124,0.002609924203816064,0.002542259366387583,0.0025316045505172093,0.0024632501020797094,0.002381178048697795,0.002375260049169275,0.0023658727122926305,0.00233085095058689,0.0023016532248643752,0.0022902949837055875,0.00228273140302425,0.0022424754404620066,0.0022420884979218346,0.002204385759401234,0.0021991225684691645,0.002183498116304001,0.0020959706498738157,0.0020432480238906604,0.0019931027131683075,0.0019881540524273175,0.0019685839452797302,0.001942092644993156,0.0019370833441611488,0.0019296433775741293,0.0018994327833375363,0.0018883750847361908,0.0018776949464290454,0.0018775893155407763,0.0018397245808698557,0.0018325936139621656,0.0018254491086585176,0.001812122155563566,0.0018012483976122655,0.0017981522278913522,0.0017621638392464182,0.0017075971739203921,0.001691451364315856,0.0016465144077948085,0.001638304911297173,0.0016170452242219243,0.0016057103501588119,0.0015843491148322293,0.0015793532305775956,0.0015554997713206355,0.0015302141833375027,0.0015014996050711428,0.0014774454434935396,0.001476712462216533,0.001465809986113952,0.001454665039492429,0.0014413549124002924,0.0014405534490183035,0.0014059936347878856,0.0014057572510713376,0.0014056567977437687,0.001403090201946653,0.001399413428520288,0.001381241244722623,0.0013800736788214488,0.0013790687519725352,0.0013516242274349154,0.0013412127364035127,0.0013383627368690268,0.0013365015015913998,0.001325951687825208,0.0013054439963440356,0.0013012884012592299,0.0012925535710663885,0.0012925513177271244,0.0012899461245438192,0.0012894731985491615,0.001285289187778272,0.0012846339170873688,0.0012698684108509227,0.0012553292718160964,0.0012509938147724868,0.0012491632410294197,0.00124249989305082,0.0012410334584706765,0.0012363248671223867,0.0012238039494012294,0.0012037109709654961]}
{"topic":2,"termIndices":[14,140,206,292,176,98,73,117,56,87,227,21,420,247,128,166,192,343,5,55,616,361,284,281,319,86,396,277,291,143,419,271,841,256,212,40,88,49,54,451,290,631,211,31,0,306,39,456,133,223,699,891,951,193,172,332,27,115,323,388,392,513,48,868,13,401,414,204,185,37,127,509,331,598,490,356,183,626,253,568,167,113,384,869,42,376,217,197,594,478,870,481,782,102,171,294,66,65,18,1206],"termWeights":[0.002487963687371029,0.0019227653769030447,0.0016873922962511543,0.0016363675529970716,0.0015743168413103038,0.0015496380457305794,0.0014700991693944855,0.0014372229709688207,0.0014349470709866352,0.001377786635073661,0.0013760491036044601,0.0013583052688205578,0.0013504995069146628,0.0013240419404584292,0.0013032027344324483,0.0012942123161289272,0.0012930404782046027,0.0012695655923697774,0.0012652812451389066,0.00126158299905913,0.0012595293346425456,0.0012575461120683295,0.0012556121242212875,0.001239677768191246,0.0012380714089594593,0.0012255703467056462,0.0012181853411327701,0.0012134891597965017,0.0012116490623282855,0.0012010085512443004,0.0011934666359936182,0.0011788606196564903,0.0011759091249316444,0.001174646499034012,0.001174298721201886,0.00117393765838863,0.0011663567948790783,0.001159868157757871,0.001155586590893608,0.001153089777982859,0.0011507074675535982,0.0011429331262363383,0.0011384520787285255,0.0011372871578119084,0.0011322017789506251,0.0011303826837345252,0.0011277467872986599,0.0011177149700876744,0.0011147221679298762,0.0011070049769359492,0.0011003104239621405,0.0010976990365025013,0.0010945390196865012,0.0010926877749860048,0.0010870087715637577,0.001086137387106382,0.0010856145732732758,0.0010843201960533955,0.001081190756018006,0.0010722480476977295,0.001072127097847504,0.0010648532229978983,0.0010529226918211628,0.0010418152212980354,0.0010401199870880844,0.0010393294025071358,0.0010285657629647952,0.0010190763692788216,0.0010122441260751191,0.0010062292955611515,0.0010045294430070786,9.972416796716543E-4,9.922753020474508E-4,9.91631887153299E-4,9.896749951564393E-4,9.885260314306597E-4,9.850063154078531E-4,9.818267310450247E-4,9.708663700536991E-4,9.683456486103449E-4,9.629878600047021E-4,9.605738215961215E-4,9.525170331579711E-4,9.515711601079017E-4,9.49995805535369E-4,9.481275775040965E-4,9.444182328568347E-4,9.409157586579028E-4,9.3756999161272E-4,9.34831724256926E-4,9.280818929100872E-4,9.241556259262783E-4,9.220993728639298E-4,9.203044817584056E-4,9.182965811355486E-4,9.168703453674532E-4,9.165487327157661E-4,9.150806099682941E-4,9.127818551473135E-4,9.109316179552454E-4]}
{"topic":3,