{"topic":0,"termIndices":[123,124,105,60,50,107,132,159,101,158,187,23,82,2,24,290,112,362,237,205,136,176,374,228,113,200,396,163,4,360,51,120,235,29,139,75,102,466,243,79,975,98,72,22,251,301,182,754,683,28,375,309,345,90,129,359,164,64,216,295,414,203,188,693,540,92,589,299,411,410,381,393,306,418,337,42,153,173,365,453,567,293,657,608,470,88,602,613,20,407,553,201,308,127,248,609,155,402,38,146],"termWeights":[0.0014450970489070327,0.001358240885780873,0.0012646665678089865,0.0012307929969411163,0.0012278731081932276,0.0012259921375838228,0.001215093700634382,0.0011931290686952355,0.0011795494147583097,0.0011770051290268119,0.0011705054494683621,0.0010993093073935923,0.0010899736456622315,0.0010822060151632318,0.0010739829136270816,0.0010647277427890298,0.001045856273233187,0.0010429841118257544,0.0010401173130654812,0.0010378829444777295,0.0010274268480597256,0.0010174242232153538,0.0010129165125907984,0.0010067151652028204,9.989745004834198E-4,9.906043428435669E-4,9.840780470960846E-4,9.80985015386158E-4,9.792219347121757E-4,9.750229029317132E-4,9.666427410361285E-4,9.611149541477837E-4,9.550565226157095E-4,9.456969964631184E-4,9.427126144593604E-4,9.408218744056968E-4,9.36023581973631E-4,9.353115821313549E-4,9.323846408529999E-4,9.290468563358034E-4,9.268517770407516E-4,9.262210371959173E-4,9.220432872604667E-4,9.184454206165678E-4,9.160360403070436E-4,9.131602145366537E-4,9.117271857621755E-4,9.071433319467381E-4,9.05117192789805E-4,9.039749006472364E-4,9.021191365506322E-4,8.994801317702121E-4,8.98199124612679E-4,8.970757136048528E-4,8.953914900231493E-4,8.947297480651668E-4,8.921516378904578E-4,8.901573048117339E-4,8.884375670481073E-4,8.835733955204915E-4,8.766667771531909E-4,8.741085361849022E-4,8.692462861182191E-4,8.668255329207096E-4,8.665017007969732E-4,8.638675400419513E-4,8.595059555674053E-4,8.555531966030353E-4,8.495844895623793E-4,8.448065346482105E-4,8.418021442568448E-4,8.381565514161002E-4,8.332521829577172E-4,8.26782811392347E-4,8.200442628549091E-4,8.189392141716608E-4,8.177514468849782E-4,8.165449108180348E-4,8.128741117941396E-4,8.074866549737069E-4,8.064103021997984E-4,8.045171377124908E-4,8.036694807808845E-4,7.967060896331525E-4,7.897100580787507E-4,7.883457474991937E-4,7.869119860005905E-4,7.786081339395802E-4,7.783022213155632E-4,7.768770920030975E-4,7.756039855235103E-4,7.718859026204937E-4,7.718263495682526E-4,7.683987419958239E-4,7.657371557084415E-4,7.62997593734297E-4,7.579781607826993E-4,7.577042184746043E-4,7.562113749779388E-4,7.531995506049256E-4]}
{"topic":1,"termIndices":[10,96,296,282,125,58,97,246,575,152,549,494,643,650,522,840,725,664,349,665,350,304,767,447,1085,902,108,330,391,723,893,1416,444,852,263,831,1274,1019,1269,628,954,523,1305,270,1202,423,928,1030,818,459,953,313,1288,1281,1322,569,662,341,280,624,1464,233,1349,1536,1241,1491,452,1028,2111,1277,225,943,862,226,94,1219,661,147,873,1573,792,1443,1730,198,340,520,281,1468,311,479,1868,1708,1323,462,1515,289,1254,781,316,148],"termWeights":[0.003578797169256221,0.0033476456259181556,0.0029529132634405738,0.0029073461957601614,0.002795630270725584,0.002791165231232414,0.0027336529178001844,0.002489699788223549,0.002238664370107626,0.002223123378915361,0.002162113136470038,0.0021399130795971295,0.0020084851300753897,0.0019544022829531557,0.001916509065736955,0.0018724679651258474,0.0018653024990620353,0.0018555972958614888,0.0018416793341229148,0.0018280886512770007,0.0018190710328154184,0.0017709971509458574,0.0017299283945929843,0.0017280973133675193,0.0016677345520261515,0.0016465020231438583,0.0016365234008975868,0.0016284579465040186,0.0016113644145326306,0.0016003435004723595,0.0015751801360304176,0.0015440740353087584,0.001535834030160479,0.0015331202923904775,0.0015239694309914418,0.0015209240386672037,0.001505062557188226,0.0014703367410799514,0.0014552106581574502,0.0014194696884532565,0.0014138521628436836,0.0014008402068169943,0.0013940221272263403,0.0013762687453350987,0.0013756566317051453,0.001369997464742076,0.0013359118629136353,0.001322163513871681,0.0013211908935053106,0.001319589713427715,0.0013116571989299911,0.0013081989433779656,0.0012771978005277668,0.0012762487081850538,0.0012394762869772664,0.0012295218291868185,0.001221063538303701,0.0012182214366462493,0.0012091615286291815,0.001199650435425412,0.0011869746585112916,0.0011835905566793693,0.0011830581995653444,0.0011414338993933,0.0011311421341984014,0.001129832513706536,0.0011243276133275585,0.0011210842314974914,0.0011206257220377465,0.001110485337353148,0.0010996622575433202,0.0010957949814176778,0.0010740443144549227,0.0010733868851798918,0.0010732798211828172,0.0010716274158391252,0.0010705300482847556,0.0010691704450953056,0.0010616764421144701,0.0010582053004553563,0.001055424109478355,0.0010519198741755775,0.0010423139172951554,0.00103513913246599,0.0010287773074252088,0.0010262935008519742,0.0010207287971790127,0.0010131267795476019,0.0010120467042666352,0.0010077734296662798,0.0010011015846225866,9.998812145065787E-4,9.975894467057218E-4,9.860146110537175E-4,9.829145869069441E-4,9.7963509959543E-4,9.684416347550354E-4,9.6441031906363E-4,9.56236628487773E-4,9.53252416879423E-4]}
{"topic":2,"termIndices":[14,55,53,35,40,161,131,183,194,71,56,43,119,15,110,168,149,220,115,145,118,91,95,21,217,70,31,177,222,67,229,180,34,310,5,126,227,273,169,392,172,297,76,69,291,1,83,130,85,568,8,17,26,277,256,140,420,66,368,230,48,315,16,52,303,356,211,576,266,93,384,122,121,343,143,0,329,322,422,195,141,428,19,37,193,46,74,272,86,388,73,87,81,165,483,208,346,300,13,250],"termWeights":[0.0014328314580920364,0.0012020164564704732,0.0011820483892158158,0.0011611117968227682,0.0011374946317891693,0.0010854486515288035,0.0010800486322976375,0.0010780147914851296,0.0010747658396204843,0.0010743077914162301,0.001060200403227327,0.0010522170227907145,0.0010436234932531651,0.001040908092665253,0.0010369964802200453,0.0010367014555181908,0.001032096028246761,0.0010317220813422102,0.0010279765977117584,0.0010112053179627506,0.0010104720762914435,0.001005886020230473,0.00100381284012201,0.0010014494082994521,0.001001224381810847,9.975750249136776E-4,9.956679590688918E-4,9.900167374890104E-4,9.897340269223696E-4,9.882144302641093E-4,9.791306252438863E-4,9.76206313868537E-4,9.750163597048277E-4,9.730696709641877E-4,9.609519700210077E-4,9.59988296846402E-4,9.475083866548672E-4,9.462989393187619E-4,9.435118859219251E-4,9.352804880969911E-4,9.324232620648633E-4,9.317688570044662E-4,9.195212396185025E-4,9.177748559639059E-4,9.101812856137585E-4,9.087704018231567E-4,9.086136637450339E-4,9.021874882569684E-4,9.021631970989877E-4,8.995537312642323E-4,8.981559555039201E-4,8.969229367791038E-4,8.941410048472553E-4,8.92322665776435E-4,8.878280096941617E-4,8.870848458261778E-4,8.851560686978639E-4,8.81005714736402E-4,8.799702762911173E-4,8.799094252924329E-4,8.796198453805146E-4,8.709324404846177E-4,8.69067767634959E-4,8.619025622031793E-4,8.599074953978323E-4,8.590287338371567E-4,8.567621431923267E-4,8.471946877185407E-4,8.455845715611077E-4,8.430098853534617E-4,8.418402656217356E-4,8.400464715725947E-4,8.361340673068873E-4,8.296049914835342E-4,8.248912864752305E-4,8.225627614669329E-4,8.210094343823734E-4,8.201442530167609E-4,8.188875733055264E-4,8.132125969549042E-4,8.114001317940981E-4,8.097580412519041E-4,8.056953405169848E-4,8.053578894856447E-4,8.018365503314945E-4,8.018109076440678E-4,8.016317446941073E-4,8.015552845433413E-4,8.014997540373744E-4,7.967588166508296E-4,7.963771757584835E-4,7.959295611045912E-4,7.922212708444849E-4,7.899389850213209E-4,7.878945601905193E-4,7.874776004645436E-4,7.868378820675569E-4,7.83950559608246E-4,7.824685953387183E-4,7.808747155858118E-4]}
