{"topic":0,"termIndices":[10,101,82,132,200,163,113,50,374,418,396,92,232,290,683,301,123,754,153,228,359,251,693,51,540,295,459,479,98,152,33,458,97,102,470,237,466,360,309,306,188,72,411,176,423,365,881,136,75,514,262,375,937,609,408,414,393,638,791,248,572,64,580,271,770,599,4,886,39,980,409,755,337,784,378,724,733,538,345,553,602,686,972,915,912,42,857,156,426,509,1007,671,759,364,416,127,533,583,1117,54],"termWeights":[0.002447284927398969,0.0021310192006126502,0.0020031069468293377,0.0019791631329738623,0.0019758587536502087,0.001939374946822293,0.0018371513482612085,0.0017498116011809362,0.001671810930987546,0.0015703058032335957,0.0015686405072876677,0.001556884733200406,0.0015524420649639726,0.001541169658010191,0.0014976116502732702,0.0014946847092078995,0.001492903323485974,0.0014914416305986903,0.0014867118238903858,0.0014856648521441927,0.0014656208714972055,0.0014327632151947506,0.0014305645569388477,0.0013901647578851068,0.0013841885100317507,0.001372843652223017,0.0013708577993035436,0.0013697640479435427,0.001363336169662318,0.001362499854500664,0.0013449807240997708,0.0013275041450294157,0.0013274893894728056,0.001323122233349926,0.001322347865370573,0.001317718339341039,0.0013041056707726343,0.0012935096171397386,0.001289304336222013,0.0012829503141877595,0.0012774037156893766,0.0012772112339124715,0.0012726786171141128,0.0012560132840152812,0.0012522454067325382,0.0012454896211024974,0.0012446825461200175,0.0012266042331210221,0.0012111307290129346,0.0012067675217093104,0.0011965490547077753,0.0011911974739369148,0.0011858193892246988,0.0011806152449396262,0.0011787253227746076,0.0011734090366233262,0.001158076964780781,0.0011545887109522053,0.0011510230948591875,0.0011475234083755017,0.0011429208686368664,0.001136094714057524,0.0011273001054666733,0.0011191367579397244,0.0011159399440547146,0.0011142960242522095,0.0010963872558170304,0.0010799665810333151,0.0010749171699344486,0.0010703145429154558,0.001058384832420746,0.0010391948404246706,0.0010299883043970025,0.0010093051193822858,0.0010043698615509185,0.001001633042672101,9.914213387404794E-4,9.91118061773671E-4,9.878056114015904E-4,9.865574031601972E-4,9.849972081711039E-4,9.833221263506105E-4,9.832254971391817E-4,9.795110046383188E-4,9.742802216020642E-4,9.677595632106024E-4,9.647472834277386E-4,9.608618645653581E-4,9.478680614717568E-4,9.45843924535799E-4,9.45321779216075E-4,9.311626718429128E-4,9.297999199285574E-4,9.229390506276128E-4,9.198897319780503E-4,9.183457165960596E-4,9.133587199824709E-4,9.088281962329963E-4,9.07335627895106E-4,9.059172244924986E-4]}
{"topic":1,"termIndices":[58,125,296,391,522,840,263,628,664,370,852,316,831,893,94,148,1241,1305,743,569,1030,748,61,532,1028,2,280,1393,964,342,921,984,1515,453,216,1448,452,1008,818,520,1868,1398,606,1556,1142,465,762,1452,1064,758,357,523,462,129,1053,1169,530,32,623,1795,834,276,123,655,1817,1090,2196,1992,90,824,2191,832,591,1678,293,1066,2173,1512,2327,136,2396,221,138,202,723,235,233,2286,2138,1127,1355,2873,2168,517,1761,261,1575,2175,1368,2574],"termWeights":[0.005365931427557613,0.005198314362681376,0.0050673498008658975,0.004202844094072257,0.0037726515658727047,0.003656495056064551,0.0036235777137806316,0.0036066536497669703,0.0035816265689516727,0.0032411603662288826,0.002993512195712909,0.002971835461596818,0.002934993647701429,0.002880410029229373,0.0028541761414717513,0.0028415219979523705,0.0027372416628424555,0.0027342212955503743,0.0026176859560833685,0.0025821022755191485,0.0025512828377220343,0.0025350403386040637,0.002511904204778618,0.0024832608152014573,0.0024161818781072014,0.0023878980289640315,0.0023661775891915234,0.0023331580815961557,0.0023291338023331324,0.002203785020232846,0.0021620551976589556,0.002139767160433395,0.0021221000982662415,0.002116892934612513,0.0021007933840507826,0.002096750048832531,0.002089406713057297,0.0020293556385134037,0.002012521487843916,0.0020046828674705744,0.0019768018677412498,0.0019507400128786084,0.0019423983767142994,0.001920976505729232,0.0019139537690526507,0.0018805360059185711,0.0018606760601623897,0.001854683379191235,0.0018345747617873926,0.0018257513908420309,0.0017992100190860753,0.0017925943109864486,0.0017822182324238247,0.0017769162420317138,0.0017749129148862258,0.0017261179679182023,0.001699887760106807,0.0016809964703558974,0.0016716149070226682,0.0016706499527577956,0.0016679154451012315,0.001658368800596725,0.0016478337780441684,0.00164468586827362,0.00162833121485333,0.0016127623243994225,0.0016034931725602158,0.0015948361060073397,0.0015628872560847907,0.0015562296266850943,0.0015452105328949632,0.0015254112381781404,0.0015113180632551847,0.0015014171224618992,0.0014831622644515016,0.001471982935345353,0.0014606734550625788,0.001459867394424821,0.0014532158372895674,0.0014499908404054184,0.0014476430320251813,0.001445948658733844,0.0014378107756661887,0.0014374513227485028,0.0014353089862445612,0.001424573444008285,0.001419809324102515,0.0014182831934442554,0.0014177018005207904,0.0014100433361281654,0.0014081872466833753,0.0014000165853798618,0.001388651965344206,0.0013842162783203322,0.001374612072618094,0.0013735889192821162,0.0013646222430122,0.0013435303113725739,0.0013400421364479565,0.0013376418075754413]}
{"topic":2,"termIndices":[14,56,140,291,297,71,568,292,277,83,315,55,576,165,34,392,206,227,420,73,0,115,281,230,192,183,87,616,294,424,91,86,128,319,688,21,451,384,343,5,117,166,193,841,256,284,143,951,419,144,361,891,31,45,356,631,525,211,377,600,247,332,212,49,37,40,26,814,68,388,918,13,542,135,490,401,699,172,331,513,185,333,54,65,618,859,320,1206,869,1095,138,93,547,217,376,685,133,960,171,66],"termWeights":[0.002855404325593439,0.002377464262676454,0.0021227650816091374,0.0018985729532549794,0.0018179497545595443,0.0018158837977341334,0.0017527380816884566,0.00172089433494994,0.0017038980921402899,0.0016854169071544869,0.0016635191459028402,0.001659494984385239,0.0016314638010080824,0.0016082855896842275,0.0016017429066021685,0.0015950191804226276,0.0015941791923917109,0.0015907618059088566,0.0015581584683996461,0.001552980069097157,0.0015298450729430773,0.0015041038418290408,0.0015001866536879741,0.0014805724981885096,0.0014664185149818566,0.0014597759178894784,0.0014503483222849042,0.0014446225326471007,0.0014211885735323352,0.0014139632937486474,0.0014097727407483321,0.0013973823782580709,0.001387500402274042,0.001380813439981534,0.0013619401806124311,0.001356216967610198,0.0013418546340537739,0.0013352010301073713,0.0013279628018510437,0.0013269323677761956,0.0013190502810205712,0.0013026254766246245,0.0012898154560744587,0.0012885225528650665,0.0012805535716205046,0.0012777003642079907,0.0012587155880520405,0.0012562503690017703,0.0012550419040926128,0.0012545077751920848,0.001251784244389395,0.0012492532262903693,0.0012491372928219262,0.001248887042266596,0.0012448319063883136,0.0012319403527206799,0.001222845138816756,0.001222652747726136,0.0012196711233151533,0.0012187467455440995,0.0012184726065328673,0.0012116990277905298,0.0012090659281701074,0.0012062413164964508,0.0011997106487325417,0.0011860783546746292,0.0011855922528452411,0.0011792259193617956,0.0011735692611729528,0.0011712023926972702,0.0011604080110282978,0.0011574823285646371,0.0011312531604800182,0.001121679825707225,0.0011159556848248694,0.0010980225119917321,0.001097832410042349,0.001093995852764537,0.0010921466787503665,0.0010854914839305808,0.0010783233892029608,0.001072776974219154,0.0010710734277255478,0.0010665962068886017,0.0010578678677965838,0.0010561314955878649,0.0010559011848549178,0.0010455510096758836,0.0010443464332263227,0.0010437450602851206,0.0010371452212550969,0.001032684929781114,0.0010281276843725868,0.0010242151868971165,0.0010225449338108572,0.001019479450620131,0.001016610772878576,0.0010150654825797792,0.0010034640975247536,0.0010030769307796548]}
{"topic":3,